username,first_name,last_name,password,role,dob,weight
klinge0,Kelly,Linge,Password123!,Student,7/15/2025,230
tstanfield1,Trixie,Stanfield,Password123!,Student,6/15/2025,183
rmcgahy2,Rand,McGahy,Password123!,Student,12/6/2025,251
tveldens3,Tiena,Veldens,Password123!,Student,11/20/2025,224
pbrislan4,Pauli,Brislan,Password123!,Student,11/18/2025,46
wblomefield5,Wheeler,Blomefield,Password123!,Student,6/20/2025,221
fbridgen6,Flinn,Bridgen,Password123!,Student,1/28/2026,153
fkrauss7,Frazier,Krauss,Password123!,Student,10/29/2025,182
bbattelle8,Brooks,Battelle,Password123!,Student,6/21/2025,141
gmewe9,Garth,Mewe,Password123!,Student,11/29/2025,12
awarnera,Ajay,Warner,Password123!,Student,1/13/2026,157
lhebburnb,Luelle,Hebburn,Password123!,Student,11/17/2025,23
tcrowdyc,Tanny,Crowdy,Password123!,Student,7/20/2025,297
tbilliardd,Terrye,Billiard,Password123!,Student,11/2/2025,144
bmctavye,Brana,McTavy,Password123!,Student,10/4/2025,98
mdudneyf,Maggy,Dudney,Password123!,Student,12/16/2025,96
santrumg,Sadella,Antrum,Password123!,Student,2/27/2025,163
ihalesworthh,Ivan,Halesworth,Password123!,Student,1/5/2026,7
ccassidyi,Carlynne,Cassidy,Password123!,Student,2/7/2026,254
kjohnj,Kimberlyn,John,Password123!,Student,8/22/2025,120
mmcgralek,Merrielle,McGrale,Password123!,Student,11/3/2025,108
dberthl,Donovan,Berth,Password123!,Student,4/12/2025,141
repplem,Rochella,Epple,Password123!,Student,12/10/2025,175
rdavinetn,Rodie,Davinet,Password123!,Student,3/16/2025,36
lcourtmano,Leticia,Courtman,Password123!,Student,11/6/2025,49
mkehoep,Mariejeanne,Kehoe,Password123!,Student,4/1/2025,58
ahudelq,Ashlen,Hudel,Password123!,Student,11/6/2025,57
balennikovr,Beverlee,Alennikov,Password123!,Student,10/1/2025,165
gsambrooks,Griffin,Sambrook,Password123!,Student,3/21/2025,161
cbraziert,Case,Brazier,Password123!,Student,9/29/2025,156
ldeambrosisu,Liesa,De Ambrosis,Password123!,Student,2/22/2025,48
dblethynv,Domini,Blethyn,Password123!,Student,5/2/2025,91
drosendallw,Deeanne,Rosendall,Password123!,Student,10/2/2025,297
jshaldersx,Jere,Shalders,Password123!,Student,9/12/2025,77
pbereclothy,Patricio,Berecloth,Password123!,Student,4/26/2025,201
ckemittz,Carlos,Kemitt,Password123!,Student,7/15/2025,228
ndurham10,Nicola,Durham,Password123!,Student,2/8/2026,282
iparradye11,Ilene,Parradye,Password123!,Student,8/9/2025,260
kshevelin12,Kiele,Shevelin,Password123!,Student,2/21/2025,177
mcaisley13,Maje,Caisley,Password123!,Student,7/16/2025,288
dcristofol14,Dalenna,Cristofol,Password123!,Student,9/9/2025,189
fpersent15,Fiorenze,Persent,Password123!,Student,9/2/2025,200
jgirodin16,Judy,Girodin,Password123!,Student,12/12/2025,266
ckraft17,Cheston,Kraft,Password123!,Student,7/27/2025,200
eduetsche18,Edmon,Duetsche,Password123!,Student,3/22/2025,29
bmcdunlevy19,Bidget,McDunlevy,Password123!,Student,11/4/2025,12
cstopforth1a,Charlene,Stopforth,Password123!,Student,6/27/2025,103
dkeme1b,Dorthea,Keme,Password123!,Student,5/11/2025,242
henderle1c,Harv,Enderle,Password123!,Student,9/22/2025,57
lburless1d,Livvyy,Burless,Password123!,Student,3/4/2025,296
srusted1e,Sumner,Rusted,Password123!,Student,6/25/2025,17
jwiltsher1f,Julie,Wiltsher,Password123!,Student,5/4/2025,116
bscawton1g,Bella,Scawton,Password123!,Student,2/8/2026,173
katlee1h,Katheryn,Atlee,Password123!,Student,7/26/2025,247
cknapton1i,Cherice,Knapton,Password123!,Student,9/3/2025,1
fpyer1j,Farr,Pyer,Password123!,Student,2/14/2026,11
kaves1k,Keslie,Aves,Password123!,Student,7/12/2025,22
mclilverd1l,Marten,Clilverd,Password123!,Student,1/15/2026,52
abransdon1m,Aubrie,Bransdon,Password123!,Student,12/31/2025,174
dcamis1n,Dalli,Camis,Password123!,Student,5/24/2025,116
krassmann1o,Karilynn,Rassmann,Password123!,Student,11/14/2025,103
abeavers1p,Aldis,Beavers,Password123!,Student,7/27/2025,72
rcarp1q,Rowena,Carp,Password123!,Student,1/29/2026,257
mamanger1r,Mace,aManger,Password123!,Student,1/19/2026,194
shenri1s,Somerset,Henri,Password123!,Trainer,1/2/2026,133
sblazeby1t,Suzi,Blazeby,Password123!,Trainer,9/5/2025,203
gbigly1u,Gasparo,Bigly,Password123!,Trainer,12/13/2025,238
dgarrould1v,Danila,Garrould,Password123!,Trainer,4/14/2025,55
modell1w,Micheil,Odell,Password123!,Trainer,12/19/2025,201
hfyndon1x,Heddie,Fyndon,Password123!,Trainer,6/27/2025,37
tdudley1y,Trudey,Dudley,Password123!,Trainer,10/9/2025,230
cverrill1z,Cordy,Verrill,Password123!,Trainer,12/14/2025,26
vpettendrich20,Valerie,Pettendrich,Password123!,Trainer,11/30/2025,109
kmontier21,Kim,Montier,Password123!,Trainer,11/10/2025,234
vpahler22,Vergil,Pahler,Password123!,Trainer,7/23/2025,248
bjones23,Braden,Jones,Password123!,Trainer,4/7/2025,185
lgoldine24,Les,Goldine,Password123!,Trainer,7/24/2025,298
mhavoc25,Mendy,Havoc,Password123!,Trainer,7/1/2025,182
lstolli26,Lemmy,Stolli,Password123!,Trainer,7/22/2025,146
apudner27,Arnoldo,Pudner,Password123!,Trainer,4/17/2025,58
lkarczinski28,Lorene,Karczinski,Password123!,Trainer,11/22/2025,264
rantliff29,Ranique,Antliff,Password123!,Trainer,8/25/2025,136
dkitteridge2a,Dyanna,Kitteridge,Password123!,Trainer,7/6/2025,272
mokey2b,Martha,Okey,Password123!,Trainer,4/11/2025,211
lrohlfs2c,Lavinia,Rohlfs,Password123!,Trainer,3/10/2025,269
egrishanov2d,Ellynn,Grishanov,Password123!,Trainer,11/6/2025,22
sdumper2e,Shina,Dumper,Password123!,Trainer,11/19/2025,279
cneil2f,Clarey,Neil,Password123!,Trainer,11/22/2025,173
adowden2g,Alessandro,Dowden,Password123!,Trainer,1/26/2026,144
sbraunter2h,Scarlett,Braunter,Password123!,Trainer,12/5/2025,245
mhodgen2i,Mona,Hodgen,Password123!,Trainer,3/2/2025,117
rcollip2j,Rogers,Collip,Password123!,Trainer,2/18/2026,148
ccollinette2k,Cal,Collinette,Password123!,Trainer,3/24/2025,27
ispurling2l,Ingmar,Spurling,Password123!,Trainer,2/13/2026,202
cgeoghegan2m,Claudette,Geoghegan,Password123!,Trainer,11/18/2025,150
sbrizell2n,Sascha,Brizell,Password123!,Trainer,5/14/2025,172
jpicken2o,Jeniffer,Picken,Password123!,Trainer,5/10/2025,8
gspringtorp2p,Geraldine,Springtorp,Password123!,Trainer,2/20/2025,194
tholt2q,Theresita,Holt,Password123!,Trainer,2/25/2025,222
ndurdy2r,Nita,Durdy,Password123!,Trainer,11/8/2025,3
